,Model,Time to Train,Time to Predict,F-score,Precision,Recall,Accuracy
0,Naive Predictor,0.0,0.0,0.2386780905752754,0.20051413881748073,1.0,0.20051413881748073
1,SVC Without PCA,1.4978456001263112,0.001406199997290969,0.8176943699731903,0.782051282051282,1.0,0.782051282051282
2,KNN Without PCA,16.416488700080663,0.008650299860164523,0.8130081300813008,0.7792207792207793,0.9836065573770492,0.7692307692307693
3,RFC Without PCA,15.3035342998337,0.009079599985852838,0.8176943699731903,0.782051282051282,1.0,0.782051282051282
