,Model,Time to Train,Time to Predict,F-score,Precision,Recall,Accuracy
0,Naive Predictor,0.0,0.0,0.29625151148730355,0.2519280205655527,1.0,0.2519280205655527
1,SVC Without PCA,1.7299286001361907,0.0022326000034809113,0.7837837837837838,0.7435897435897436,1.0,0.7435897435897436
2,KNN Without PCA,16.121326900087297,0.01184560009278357,0.7975460122699387,0.7761194029850746,0.896551724137931,0.7307692307692307
3,RFC Without PCA,16.02384620020166,0.01469439989887178,0.7837837837837838,0.7435897435897436,1.0,0.7435897435897436
4,SVC With PCA,1.4571883999742568,0.000793099869042635,0.7734806629834253,0.7368421052631579,0.9655172413793104,0.717948717948718
5,KNN With PCA,15.158104399917647,0.009849400026723742,0.7919254658385092,0.7727272727272727,0.8793103448275862,0.717948717948718
6,RFC Without PCA,15.337112699868158,0.014573999913409352,0.7714285714285715,0.7397260273972602,0.9310344827586207,0.7051282051282052
