,Model,Time to Train,Time to Predict,F-score,Precision,Recall,Accuracy
0,Naive Predictor,0.0,0.0,0.29625151148730355,0.2519280205655527,1.0,0.2519280205655527
1,SVC Without PCA,1.7348849000409245,0.0016986001282930374,0.7837837837837838,0.7435897435897436,1.0,0.7435897435897436
2,KNN Without PCA,16.047758700093254,0.011889099841937423,0.7975460122699387,0.7761194029850746,0.896551724137931,0.7307692307692307
3,RFC Without PCA,16.08462579990737,0.013910500099882483,0.7837837837837838,0.7435897435897436,1.0,0.7435897435897436
